id,restaurant,name,category,serving,calories,protein,carbs,fat
ce0c6929,ماكدونالدز,برغر لحم كبير,برغر,وجبة/حبة,563,38.5,41.3,27.1
6975ad44,ماكدونالدز,بطاطس مقلية حار,بطاطس,حجم متوسط,279,3.3,31.0,15.8
7fc45511,ماكدونالدز,بطاطس شبس ميني,بطاطس,حجم متوسط,404,5.4,55.1,18.0
085a212e,ماكدونالدز,قطعتين دجاج,دجاج مقلي,قطعتان,455,24.4,26.2,28.0
25c7d7c7,ماكدونالدز,راب حار كلاسيك,لفائف/راب,راب,462,33.4,40.4,18.5
8a402981,ماكدونالدز,روست بيف,سندويتش,سندويتش,432,24.5,43.8,17.7
83909b49,ماكدونالدز,برغر دبل كلاسيك,برغر,وجبة/حبة,809,38.2,78.8,37.8
0dbe3ff9,ماكدونالدز,بطاطس متبلة ميني,بطاطس,حجم متوسط,432,4.2,61.0,19.1
493e62ca,ماكدونالدز,سلطة دجاج مشوي كلاسيك,سلطة,طبق,222,24.1,18.0,5.9
a610277e,ماكدونالدز,سلطة دجاج مشوي حار,سلطة,طبق,326,27.3,25.9,12.6
a06b08a1,ماكدونالدز,مارغريتا ميني,بيتزا وسط,متوسطة,1256,51.0,150.2,50.1
e7ad8c60,ماكدونالدز,تشيز كيك مشوي,حلى,حصة,429,3.9,39.8,28.2
b65d6f39,ماكدونالدز,ساندويش آيسكريم حار,حلى,حصة,363,6.4,49.5,15.5
3bd507e8,ماكدونالدز,برغر مشروم كبير,برغر,وجبة/حبة,608,40.1,38.0,32.8
a1a424f4,ماكدونالدز,بيبروني حار,بيتزا وسط,متوسطة,1257,44.6,168.5,45.0
39cd99a5,ماكدونالدز,خضار ميني,بيتزا شريحة,شريحة,334,11.4,38.5,14.9
4bb2b5ee,ماكدونالدز,مسحب كلاسيك,دجاج مقلي,قطعتان,475,27.2,12.8,35.0
0b0a14e0,ماكدونالدز,برغر دبل ميني,برغر,وجبة/حبة,548,41.5,42.2,23.7
609112e2,ماكدونالدز,روست بيف ميني,سندويتش,سندويتش,510,24.6,48.7,24.1
8881fb48,ماكدونالدز,تشيز برغر,برغر,وجبة/حبة,647,37.0,74.8,22.2
2d72a875,ماكدونالدز,ساندويش آيسكريم كبير,حلى,حصة,333,4.7,39.5,17.3
9a73373f,ماكدونالدز,مارغريتا,بيتزا شريحة,شريحة,366,19.7,37.7,15.1
e9bcdfe0,ماكدونالدز,أوريو دونات مشوي,حلى,حصة,518,4.5,66.5,26.0
2f71c577,ماكدونالدز,راب دجاج ميني,لفائف/راب,راب,599,29.9,53.6,29.5
aab774ec,ماكدونالدز,مكس جبن حار,بيتزا وسط,متوسطة,993,57.0,116.3,33.4
9998db89,ماكدونالدز,برغر دبل,برغر,وجبة/حبة,609,26.0,38.5,39.0
8e5df177,ماكدونالدز,سوبريم ميني,سندويتش,سندويتش,499,39.4,35.0,22.4
8744024c,ماكدونالدز,راب ترياكي ميني,لفائف/راب,راب,581,23.8,49.8,31.8
73db9a0d,ماكدونالدز,سلطة دجاج مشوي كومبو,سلطة,طبق,348,24.3,33.5,13.0
9e47b951,كنتاكي,كبسة سريعة ميني,أرز/وجبة,طبق,541,22.4,80.3,14.5
1f17ad13,كنتاكي,سلطة سيزر كلاسيك,سلطة,طبق,261,10.1,12.1,19.2
b1292177,كنتاكي,سوبر سوبريم ميني,بيتزا وسط,متوسطة,1075,38.2,146.9,37.1
e160b8bd,كنتاكي,راب ترياكي,لفائف/راب,راب,645,33.9,55.2,32.1
ff22af1b,كنتاكي,أرز بخاري مشوي,أرز/وجبة,طبق,532,36.1,65.8,13.8
5d4a7657,كنتاكي,قطعتين دجاج كلاسيك,دجاج مقلي,قطعتان,451,28.2,11.1,32.7
adde33c4,كنتاكي,ستربس 4 قطع حار,دجاج مقلي,قطعتان,471,34.6,12.2,31.6
c8aa5cbf,كنتاكي,بطاطس مقلية,بطاطس,حجم متوسط,320,4.8,39.7,15.8
5b36b7df,كنتاكي,فيليه دجاج كبير,سندويتش,سندويتش,594,26.1,52.0,31.3
3ca470a9,كنتاكي,بطاطس مقلية حار,بطاطس,حجم متوسط,496,6.3,62.4,24.5
2337fe18,كنتاكي,قطعتين دجاج حار,دجاج مقلي,قطعتان,386,29.7,18.0,21.6
5dcb9802,كنتاكي,مسحب مشوي,دجاج مقلي,قطعتان,416,20.0,28.5,24.6
92096f00,كنتاكي,مسحب حار,دجاج مقلي,قطعتان,512,33.9,25.7,30.4
325623c6,كنتاكي,سلطة سيزر كبير,سلطة,طبق,404,15.9,30.3,24.4
bd86cd8e,كنتاكي,سوبر سوبريم كلاسيك,بيتزا وسط,متوسطة,1099,37.6,130.3,47.5
5cca3980,كنتاكي,بطاطس شبس,بطاطس,حجم متوسط,324,3.3,50.8,12.0
1e4e80c3,كنتاكي,سلطة سيزر ميني,سلطة,طبق,407,18.1,29.9,23.8
a7755dac,كنتاكي,روست بيف حار,سندويتش,سندويتش,519,25.5,50.9,23.8
3e22b0fe,كنتاكي,كوكيز كومبو,حلى,حصة,385,6.6,53.7,16.0
6ede0b34,كنتاكي,مارغريتا كلاسيك,بيتزا وسط,متوسطة,1154,76.8,80.9,58.1
c4657f8f,كنتاكي,بطاطس مقلية حار,بطاطس,حجم متوسط,385,3.9,62.7,13.2
7bb8d7d7,كنتاكي,مكس جبن ميني,بيتزا وسط,متوسطة,1117,47.8,134.3,43.1
9142ddbf,كنتاكي,ساندويش آيسكريم حار,حلى,حصة,516,5.6,63.3,26.7
e5d558b8,كنتاكي,دجاج باربكيو مشوي,بيتزا شريحة,شريحة,265,11.2,38.8,7.3
169b3138,كنتاكي,قهوة مثلجة ميني,مشروب,كوب متوسط,240,1.1,55.0,1.7
f5a55889,كنتاكي,أرز بخاري,أرز/وجبة,طبق,606,25.0,63.0,28.2
84513705,كنتاكي,دجاج باربكيو حار,بيتزا شريحة,شريحة,245,10.4,28.3,10.0
f99a9249,كنتاكي,أرز دجاج كبير,أرز/وجبة,طبق,533,31.0,60.6,18.6
977cf6bf,كنتاكي,راب ترياكي كومبو,لفائف/راب,راب,619,30.0,55.4,30.9
4db8ffaf,كنتاكي,راب دجاج مشوي,لفائف/راب,راب,518,18.9,67.7,19.1
58b56d35,كنتاكي,سلطة تونة ميني,سلطة,طبق,349,23.6,22.4,18.3
84e9620b,كنتاكي,راب ترياكي كومبو,لفائف/راب,راب,459,38.4,40.7,15.9
47f54d1d,كنتاكي,برغر دبل,برغر,وجبة/حبة,849,24.5,70.2,52.2
0adc31a4,كنتاكي,ساندويش آيسكريم كومبو,حلى,حصة,486,7.3,46.0,30.3
c9249b6e,كنتاكي,برغر دبل مشوي,برغر,وجبة/حبة,689,41.5,71.7,26.2
5607b896,كنتاكي,بيبروني كومبو,بيتزا شريحة,شريحة,343,18.2,30.6,16.5
b84eeba0,هرفي,خضار كبير,بيتزا شريحة,شريحة,361,18.6,32.0,17.6
07e2a436,هرفي,بطاطس متبلة حار,بطاطس,حجم متوسط,345,4.3,60.7,9.4
f82ea03b,هرفي,لاتيه مشوي,مشروب,كوب متوسط,66,4.8,8.7,1.3
b7bb4ea1,هرفي,سوبر سوبريم مشوي,بيتزا وسط,متوسطة,1121,54.6,91.6,59.5
cdbe33f7,هرفي,برغر مشروم كبير,برغر,وجبة/حبة,620,37.7,76.7,18.1
ad53561c,هرفي,كوكيز ميني,حلى,حصة,551,4.0,86.9,20.8
ead3783c,هرفي,مكس جبن كبير,بيتزا وسط,متوسطة,1243,64.9,170.0,33.7
672bfcb2,هرفي,ستربس 4 قطع كومبو,دجاج مقلي,قطعتان,459,26.5,21.1,29.9
9237cdb7,هرفي,كوكيز كومبو,حلى,حصة,610,7.7,84.2,26.9
b1c9ae70,هرفي,بطاطس شبس ميني,بطاطس,حجم متوسط,300,6.3,37.4,13.9
3b71d136,هرفي,تشيز كيك,حلى,حصة,490,4.6,70.5,21.0
2098bc7f,هرفي,راب حار كلاسيك,لفائف/راب,راب,517,32.5,58.2,17.1
5cf57fc3,هرفي,سلطة سيزر كلاسيك,سلطة,طبق,247,23.5,17.0,9.5
c89600c3,هرفي,سلطة تونة كومبو,سلطة,طبق,421,29.7,36.9,17.2
7e870271,هرفي,تشيز كيك حار,حلى,حصة,487,5.9,53.0,28.0
8a22166e,هرفي,راب دجاج,لفائف/راب,راب,466,32.4,61.3,10.1
dbc88ac1,هرفي,مسحب كلاسيك,دجاج مقلي,قطعتان,478,24.4,23.9,31.7
e7cd49df,هرفي,بطاطس متبلة كبير,بطاطس,حجم متوسط,403,4.0,46.0,22.6
f4777705,هرفي,بطاطس متبلة ميني,بطاطس,حجم متوسط,448,7.0,63.3,18.5
85fe3804,هرفي,بطاطس مقلية كبير,بطاطس,حجم متوسط,413,4.7,45.6,23.5
64d3c34c,هرفي,معكرونة وايت صوص,أرز/وجبة,طبق,783,29.0,110.4,25.0
f5baea45,هرفي,بطاطس شبس مشوي,بطاطس,حجم متوسط,317,4.9,45.4,12.8
ac93f04d,هرفي,سلطة يونانية حار,سلطة,طبق,280,15.4,28.9,11.4
b8e46c41,هرفي,سلطة تونة كومبو,سلطة,طبق,213,17.7,17.5,8.1
9dbba4b8,هرفي,بيبروني كومبو,بيتزا وسط,متوسطة,1023,59.4,100.7,42.5
d7a1097a,هرفي,كابتشينو كومبو,مشروب,كوب متوسط,302,4.7,70.5,0.1
37472d93,هرفي,أرز بخاري ميني,أرز/وجبة,طبق,655,20.1,105.2,17.0
117b1d6d,هرفي,بطاطس متبلة كومبو,بطاطس,حجم متوسط,423,6.2,47.1,23.4
1e99fe76,هرفي,أرز بخاري كبير,أرز/وجبة,طبق,636,20.6,100.7,16.7
d0090bdb,هرفي,راب دجاج كومبو,لفائف/راب,راب,720,36.5,69.3,33.0
5c60ba5c,هرفي,حمضيات,مشروب,كوب متوسط,218,2.8,51.4,0.1
1c4b6b3e,هرفي,أرز بخاري مشوي,أرز/وجبة,طبق,550,23.6,79.6,15.2
7c1a612f,هرفي,بيبروني مشوي,بيتزا وسط,متوسطة,1270,69.3,155.2,41.4
81297ea4,برغر كينغ,معكرونة وايت صوص حار,أرز/وجبة,طبق,749,20.4,120.0,20.8
1bf9204d,برغر كينغ,ساندويش آيسكريم حار,حلى,حصة,448,3.3,32.4,33.9
ddb23409,برغر كينغ,سلطة تونة كبير,سلطة,طبق,337,26.8,18.3,17.4
35204dad,برغر كينغ,روست بيف حار,سندويتش,سندويتش,473,29.1,58.0,13.9
3ef8b869,برغر كينغ,حمضيات مشوي,مشروب,كوب متوسط,82,3.0,9.2,3.7
13f037c6,برغر كينغ,سوبريم كومبو,سندويتش,سندويتش,628,29.5,53.0,33.1
2470c919,برغر كينغ,سلطة سيزر كبير,سلطة,طبق,343,11.5,32.0,18.8
ae36170c,برغر كينغ,مارغريتا مشوي,بيتزا شريحة,شريحة,305,18.5,28.0,13.2
583c1f62,برغر كينغ,بطاطس متبلة كلاسيك,بطاطس,حجم متوسط,344,4.7,47.7,14.9
302acfde,برغر كينغ,مسحب كبير,دجاج مقلي,قطعتان,441,36.4,29.2,19.8
5b7cd626,برغر كينغ,راب حار ميني,لفائف/راب,راب,641,27.6,68.8,28.3
d6e94604,برغر كينغ,بطاطس شبس مشوي,بطاطس,حجم متوسط,408,6.1,58.9,16.4
5da9ee64,برغر كينغ,بيبروني حار,بيتزا وسط,متوسطة,1142,73.3,88.7,54.9
18b08ad5,برغر كينغ,أرز بخاري,أرز/وجبة,طبق,657,31.4,80.2,23.4
1f92e0f5,برغر كينغ,مكس جبن مشوي,بيتزا وسط,متوسطة,1139,43.2,159.8,36.4
03c93f26,برغر كينغ,حمضيات كلاسيك,مشروب,كوب متوسط,30,3.5,0.8,1.4
ec926f0a,برغر كينغ,سلطة تونة كبير,سلطة,طبق,377,24.4,36.5,14.8
8cdf5466,برغر كينغ,أرز بخاري كبير,أرز/وجبة,طبق,520,29.0,77.7,10.3
be212418,برغر كينغ,سلطة دجاج مشوي كومبو,سلطة,طبق,320,16.1,26.6,16.6
3f12f13c,برغر كينغ,بطاطس متبلة حار,بطاطس,حجم متوسط,357,4.3,39.5,20.2
f45f6252,برغر كينغ,سمك مقلي حار,سندويتش,سندويتش,520,33.0,59.7,16.5
fc9cd0c8,برغر كينغ,سلطة دجاج مشوي كلاسيك,سلطة,طبق,316,24.8,30.6,10.5
de6cfa90,برغر كينغ,سلطة يونانية مشوي,سلطة,طبق,256,15.9,20.6,12.2
9b6ba3ce,برغر كينغ,برغر دجاج كبير,برغر,وجبة/حبة,789,44.4,66.4,38.5
2f479e7c,برغر كينغ,معكرونة وايت صوص حار,أرز/وجبة,طبق,500,22.1,79.0,10.2
26c1f62f,برغر كينغ,برغر لحم كومبو,برغر,وجبة/حبة,715,26.3,40.1,49.9
7194f64c,برغر كينغ,كبسة سريعة,أرز/وجبة,طبق,542,21.5,63.2,22.6
812270b2,برغر كينغ,كابتشينو,مشروب,كوب متوسط,102,4.7,19.9,0.4
a2d44333,برغر كينغ,مسحب كومبو,دجاج مقلي,قطعتان,470,32.1,14.5,31.4
f0fe5384,هارديز,مارغريتا ميني,بيتزا شريحة,شريحة,366,18.6,32.6,17.9
4d41e1f1,هارديز,فيليه دجاج حار,سندويتش,سندويتش,431,38.7,38.4,13.6
bc29531c,هارديز,سلطة تونة كبير,سلطة,طبق,153,13.5,10.1,6.5
9a7d0892,هارديز,قهوة مثلجة كبير,مشروب,كوب متوسط,103,2.3,23.0,0.2
3ccc1294,هارديز,كبسة سريعة كومبو,أرز/وجبة,طبق,521,21.4,75.9,14.7
1aa5cea8,هارديز,سمك مقلي كلاسيك,سندويتش,سندويتش,609,28.6,66.3,25.5
3f2d9a3b,هارديز,برغر مشروم مشوي,برغر,وجبة/حبة,636,24.1,68.7,29.4
3b5c5a7d,هارديز,معكرونة وايت صوص ميني,أرز/وجبة,طبق,712,22.5,102.0,23.8
522517bc,هارديز,بطاطس متبلة كبير,بطاطس,حجم متوسط,238,5.0,31.4,10.3
dc4a9fc5,هارديز,مارغريتا,بيتزا وسط,متوسطة,937,62.2,102.9,30.8
02b8f320,هارديز,أوريو دونات كومبو,حلى,حصة,551,7.1,75.8,24.4
d4c7aca7,هارديز,بطاطس شبس كومبو,بطاطس,حجم متوسط,381,5.6,36.4,23.7
bdcab8b5,هارديز,تشيز كيك مشوي,حلى,حصة,569,7.1,58.2,34.2
089e55dd,هارديز,بيبروني مشوي,بيتزا وسط,متوسطة,1214,65.2,113.0,55.7
7ce08156,هارديز,تشيز كيك كلاسيك,حلى,حصة,556,7.7,63.0,30.3
0496ad84,هارديز,مارغريتا كبير,بيتزا وسط,متوسطة,1116,46.4,157.3,33.5
1a184266,هارديز,بطاطس شبس,بطاطس,حجم متوسط,301,4.8,48.1,9.9
28b1f412,هارديز,كبسة سريعة مشوي,أرز/وجبة,طبق,646,32.5,72.2,25.2
a3c19f1f,هارديز,كبسة سريعة كبير,أرز/وجبة,طبق,575,37.6,61.7,19.7
073e5dbd,هارديز,راب ترياكي,لفائف/راب,راب,390,24.8,49.3,10.3
2048447c,هارديز,سوبريم كبير,سندويتش,سندويتش,460,26.5,63.3,11.2
19221fbd,هارديز,خضار حار,بيتزا شريحة,شريحة,327,15.1,45.9,9.3
856d917c,هارديز,كبسة سريعة,أرز/وجبة,طبق,744,31.0,115.3,17.7
0dc19e9c,هارديز,تركي مشوي,سندويتش,سندويتش,538,21.9,46.6,29.3
63952422,هارديز,برغر دبل,برغر,وجبة/حبة,615,27.1,61.4,29.0
ac8aa120,هارديز,راب كرسبي كومبو,لفائف/راب,راب,497,27.8,46.6,22.1
f96f2f5d,هارديز,بيبروني حار,بيتزا وسط,متوسطة,1247,74.1,103.9,59.4
ce64b251,هارديز,مسحب كومبو,دجاج مقلي,قطعتان,456,20.9,24.1,30.7
dc5b9a09,هارديز,ساندويش آيسكريم حار,حلى,حصة,421,7.0,39.1,26.3
0ad9d656,هارديز,بطاطس متبلة كلاسيك,بطاطس,حجم متوسط,290,6.9,33.5,14.3
809c1fad,هارديز,بطاطس شبس حار,بطاطس,حجم متوسط,250,6.6,35.0,9.2
791947c8,هارديز,سوبريم كبير,سندويتش,سندويتش,589,26.7,43.5,34.2
d2ea816a,هارديز,سوبريم مشوي,سندويتش,سندويتش,682,36.3,64.4,31.0
e7616058,هارديز,ساندويش آيسكريم ميني,حلى,حصة,617,6.6,82.3,29.0
a27ea636,هارديز,سمك مقلي كبير,سندويتش,سندويتش,488,20.9,41.5,26.5
7e7e8bbc,صب واي,قطعتين دجاج كومبو,دجاج مقلي,قطعتان,533,39.6,24.1,30.9
b6ad4a9b,صب واي,راب دجاج مشوي,لفائف/راب,راب,573,33.3,36.6,32.6
0f743fec,صب واي,سوبر سوبريم حار,بيتزا وسط,متوسطة,1049,51.9,133.1,34.4
b59172ad,صب واي,راب ترياكي كومبو,لفائف/راب,راب,592,19.7,56.7,31.8
4b6fa8a1,صب واي,قهوة مثلجة كبير,مشروب,كوب متوسط,105,0.7,20.3,2.3
16ce2034,صب واي,برغر مشروم حار,برغر,وجبة/حبة,679,42.5,47.9,35.2
74d50a4f,صب واي,سوبريم كبير,سندويتش,سندويتش,474,26.0,53.5,17.3
6c44f0bc,صب واي,خضار كلاسيك,بيتزا شريحة,شريحة,345,14.6,50.0,9.6
e6e8e688,صب واي,سلطة دجاج مشوي كلاسيك,سلطة,طبق,262,17.6,20.4,12.2
10ec43d5,صب واي,ساندويش آيسكريم ميني,حلى,حصة,439,5.0,81.9,10.2
1e8a7693,صب واي,كبسة سريعة ميني,أرز/وجبة,طبق,825,36.7,106.5,28.1
e7c9dc53,صب واي,سوبر سوبريم كبير,بيتزا وسط,متوسطة,921,44.9,105.1,35.7
12999cc4,صب واي,سوبريم كلاسيك,سندويتش,سندويتش,549,37.6,42.4,25.5
db9539d2,صب واي,قهوة مثلجة كبير,مشروب,كوب متوسط,304,1.8,72.8,0.7
a7ef2e20,صب واي,جناحان حار ميني,دجاج مقلي,قطعتان,359,23.5,20.8,20.2
57b668ea,صب واي,بطاطس متبلة,بطاطس,حجم متوسط,383,6.7,39.0,22.3
c1063328,صب واي,مارغريتا حار,بيتزا شريحة,شريحة,272,17.5,27.9,10.1
6be3f9da,صب واي,سلطة دجاج مشوي كلاسيك,سلطة,طبق,450,27.2,42.1,19.5
5643434d,صب واي,جناحان حار ميني,دجاج مقلي,قطعتان,402,20.3,19.1,27.1
2c81cfdb,صب واي,ستربس 4 قطع كومبو,دجاج مقلي,قطعتان,500,36.4,12.2,34.0
9d0c11dd,صب واي,برغر مشروم حار,برغر,وجبة/حبة,817,35.5,49.8,52.9
81135bf5,صب واي,كوكيز كبير,حلى,حصة,627,3.3,84.6,30.6
713dbd52,صب واي,مسحب كلاسيك,دجاج مقلي,قطعتان,301,22.3,10.7,18.8
42301f70,صب واي,روست بيف كبير,سندويتش,سندويتش,468,20.9,45.5,22.5
6adecc46,صب واي,بطاطس متبلة كبير,بطاطس,حجم متوسط,348,4.7,35.4,20.9
ac7c0e86,صب واي,روست بيف كلاسيك,سندويتش,سندويتش,635,35.8,67.6,24.6
223b1830,صب واي,مكس جبن كلاسيك,بيتزا وسط,متوسطة,984,44.8,103.6,43.3
2f6b1283,صب واي,ساندويش آيسكريم كومبو,حلى,حصة,587,4.8,68.7,32.5
a1f707e4,صب واي,خضار كلاسيك,بيتزا شريحة,شريحة,300,11.9,46.2,7.5
98511426,بيتزا هت,كوكيز حار,حلى,حصة,465,6.2,33.0,34.3
36bc7b66,بيتزا هت,راب ترياكي ميني,لفائف/راب,راب,534,35.3,64.0,15.1
ecdc4c1e,بيتزا هت,سلطة سيزر مشوي,سلطة,طبق,340,26.3,37.1,9.7
df5bb18b,بيتزا هت,راب دجاج كبير,لفائف/راب,راب,622,39.7,62.9,23.5
1d050a2a,بيتزا هت,برغر مشروم مشوي,برغر,وجبة/حبة,656,23.3,70.5,31.3
16d16526,بيتزا هت,برغر مشروم كلاسيك,برغر,وجبة/حبة,550,24.4,68.4,19.9
28219fca,بيتزا هت,فيليه دجاج كومبو,سندويتش,سندويتش,571,26.9,50.5,29.0
c2f6d082,بيتزا هت,بطاطس شبس ميني,بطاطس,حجم متوسط,407,3.9,55.5,18.8
c948c1e2,بيتزا هت,خضار,بيتزا شريحة,شريحة,323,14.6,26.5,17.6
eeb86179,بيتزا هت,مسحب كلاسيك,دجاج مقلي,قطعتان,390,28.5,24.2,19.8
8b64bd25,بيتزا هت,تركي كبير,سندويتش,سندويتش,340,23.1,35.0,12.0
1ca321fb,بيتزا هت,كابتشينو مشوي,مشروب,كوب متوسط,344,2.7,79.6,1.6
655455fb,بيتزا هت,أرز دجاج,أرز/وجبة,طبق,718,30.1,107.6,18.6
0bb7777a,بيتزا هت,أوريو دونات كومبو,حلى,حصة,581,6.3,73.3,29.2
36b5c641,بيتزا هت,أرز بخاري كومبو,أرز/وجبة,طبق,754,37.8,109.6,18.3
5248cf41,بيتزا هت,سمك مقلي كبير,سندويتش,سندويتش,400,22.8,40.2,16.4
3ab96bd3,بيتزا هت,أرز دجاج كبير,أرز/وجبة,طبق,587,21.3,65.6,26.6
a59f6adb,بيتزا هت,مكس جبن كبير,بيتزا وسط,متوسطة,1261,71.5,138.6,46.7
28652b99,بيتزا هت,سوبريم,سندويتش,سندويتش,656,25.3,67.6,31.6
a57e71a9,بيتزا هت,برغر مشروم ميني,برغر,وجبة/حبة,742,44.2,50.8,40.2
7be3d11b,بيتزا هت,سلطة دجاج مشوي,سلطة,طبق,343,13.1,39.7,14.6
3722610c,بيتزا هت,بطاطس متبلة,بطاطس,حجم متوسط,409,4.5,50.1,21.2
a92627b0,بيتزا هت,بطاطس شبس ميني,بطاطس,حجم متوسط,432,6.9,51.5,22.1
64644d53,بيتزا هت,برغر لحم حار,برغر,وجبة/حبة,787,35.2,66.2,42.3
8e49446a,بيتزا هت,مارغريتا حار,بيتزا شريحة,شريحة,289,17.0,33.5,9.7
8c218b4d,بيتزا هت,راب دجاج كلاسيك,لفائف/راب,راب,462,30.5,40.0,20.0
51cb3e5d,بيتزا هت,بطاطس متبلة مشوي,بطاطس,حجم متوسط,325,3.9,41.9,15.7
12dc952e,بيتزا هت,مارغريتا حار,بيتزا وسط,متوسطة,1057,70.0,88.5,47.0
3c7a272b,بيتزا هت,راب كرسبي كبير,لفائف/راب,راب,391,34.6,37.9,11.2
b09675de,بيتزا هت,قطعتين دجاج مشوي,دجاج مقلي,قطعتان,410,29.7,15.5,25.5
c566399e,بيتزا هت,جناحان حار كلاسيك,دجاج مقلي,قطعتان,442,22.2,21.9,29.5
b6cb709f,دومينوز,ستربس 4 قطع,دجاج مقلي,قطعتان,385,39.7,14.1,18.9
f763d57c,دومينوز,راب كرسبي كبير,لفائف/راب,راب,451,34.8,39.2,17.2
b6859762,دومينوز,جناحان حار كلاسيك,دجاج مقلي,قطعتان,411,23.5,24.1,24.5
28935cd5,دومينوز,قطعتين دجاج,دجاج مقلي,قطعتان,359,37.2,10.4,18.7
a0a43af2,دومينوز,بيبروني مشوي,بيتزا وسط,متوسطة,1272,60.9,150.9,47.2
6b56beca,دومينوز,تركي كومبو,سندويتش,سندويتش,555,25.1,36.9,34.1
a625a131,دومينوز,بيبروني ميني,بيتزا وسط,متوسطة,1071,39.0,104.3,55.3
1ad01ea7,دومينوز,روست بيف,سندويتش,سندويتش,421,24.9,43.6,16.4
0a3185c3,دومينوز,راب ترياكي,لفائف/راب,راب,525,19.7,53.6,25.8
965ed8f8,دومينوز,سوبر سوبريم حار,بيتزا وسط,متوسطة,1310,50.8,144.5,58.7
58b5e63c,دومينوز,فيليه دجاج حار,سندويتش,سندويتش,411,18.7,54.1,13.3
f76c0b00,دومينوز,تشيز كيك كبير,حلى,حصة,584,5.5,75.6,28.9
9b36c843,دومينوز,عصير برتقال مشوي,مشروب,كوب متوسط,161,3.2,25.9,4.9
690727ee,دومينوز,راب حار ميني,لفائف/راب,راب,535,27.7,57.1,21.7
847bae74,دومينوز,برغر لحم كلاسيك,برغر,وجبة/حبة,525,28.8,55.8,20.7
34105237,دومينوز,مارغريتا ميني,بيتزا وسط,متوسطة,1246,72.4,166.4,32.3
c3e6f5ea,دومينوز,عصير برتقال كلاسيك,مشروب,كوب متوسط,208,2.5,44.3,2.3
f5e1c94a,دومينوز,أرز بخاري ميني,أرز/وجبة,طبق,631,38.2,71.3,21.4
5f781ee3,دومينوز,راب حار كبير,لفائف/راب,راب,601,39.1,63.4,21.3
22b43cd1,دومينوز,سوبريم كومبو,سندويتش,سندويتش,384,27.6,39.9,12.7
250dbec5,دومينوز,بطاطس متبلة كومبو,بطاطس,حجم متوسط,296,5.1,43.0,11.5
6ff3fe80,دومينوز,جناحان حار كلاسيك,دجاج مقلي,قطعتان,452,35.5,11.0,29.5
9bb5e867,دومينوز,سوبر سوبريم مشوي,بيتزا وسط,متوسطة,1044,39.3,108.4,50.4
7f4e875a,دومينوز,سوبريم حار,سندويتش,سندويتش,401,29.6,44.0,11.8
328c9202,دومينوز,عصير برتقال,مشروب,كوب متوسط,197,3.5,44.7,0.4
f9d2cc04,دومينوز,مارغريتا كبير,بيتزا وسط,متوسطة,1389,71.6,162.9,50.1
64074823,دومينوز,أوريو دونات حار,حلى,حصة,399,5.1,51.8,19.0
d70122cb,دومينوز,سوبر سوبريم حار,بيتزا وسط,متوسطة,1122,77.6,102.7,44.6
803a03bc,دومينوز,تركي,سندويتش,سندويتش,554,22.4,50.3,29.3
d0307cb4,دومينوز,بطاطس مقلية ميني,بطاطس,حجم متوسط,369,3.2,56.8,14.4
fbfd77e1,دومينوز,ستربس 4 قطع كبير,دجاج مقلي,قطعتان,377,23.1,23.9,21.1
1602e6b6,البيك,برغر دبل ميني,برغر,وجبة/حبة,691,30.3,45.7,43.0
28a4ad68,البيك,بيبروني مشوي,بيتزا شريحة,شريحة,332,17.5,30.9,15.4
7330bda8,البيك,أرز بخاري كومبو,أرز/وجبة,طبق,680,38.1,100.7,13.9
ac9c3543,البيك,بيبروني,بيتزا شريحة,شريحة,321,17.8,35.5,12.0
32a48fde,البيك,سلطة تونة,سلطة,طبق,249,26.0,18.8,7.8
7e21b072,البيك,مارغريتا مشوي,بيتزا وسط,متوسطة,1196,60.0,164.6,33.1
62edcdd7,البيك,سمك مقلي,سندويتش,سندويتش,539,34.1,66.2,15.4
adc47e4d,البيك,جناحان حار كلاسيك,دجاج مقلي,قطعتان,494,21.8,26.3,33.5
3bdba3d3,البيك,قطعتين دجاج مشوي,دجاج مقلي,قطعتان,382,21.1,14.7,26.5
8884b658,البيك,سلطة دجاج مشوي,سلطة,طبق,412,10.6,39.4,23.6
d07acb75,البيك,راب ترياكي,لفائف/راب,راب,495,21.0,64.0,17.2
37e1024d,البيك,كبسة سريعة ميني,أرز/وجبة,طبق,500,29.0,69.9,10.1
b2ca60f2,البيك,قهوة مثلجة كلاسيك,مشروب,كوب متوسط,108,2.6,23.0,0.6
369d4c2d,البيك,برغر لحم كلاسيك,برغر,وجبة/حبة,731,26.0,63.0,41.6
67a2a34c,البيك,كبسة سريعة كبير,أرز/وجبة,طبق,584,31.9,90.9,10.3
8da65935,البيك,راب كرسبي حار,لفائف/راب,راب,377,24.4,47.3,10.0
1380739d,البيك,ساندويش آيسكريم كومبو,حلى,حصة,440,6.3,51.6,23.1
be9756a7,البيك,أرز دجاج مشوي,أرز/وجبة,طبق,573,20.9,82.4,17.7
6a8b7d60,البيك,تركي كبير,سندويتش,سندويتش,565,23.6,55.1,27.8
3a47d9af,البيك,سوبر سوبريم,بيتزا وسط,متوسطة,985,41.0,113.9,40.6
c5ef74f9,البيك,أوريو دونات كلاسيك,حلى,حصة,539,5.3,67.9,27.4
a672b4a3,البيك,أرز دجاج مشوي,أرز/وجبة,طبق,639,20.7,107.5,14.0
69c195cc,البيك,دجاج باربكيو كلاسيك,بيتزا شريحة,شريحة,376,15.2,38.6,17.9
3d0d4b1e,البيك,كوكيز مشوي,حلى,حصة,494,4.0,76.9,18.9
ee2aac27,البيك,سوبريم كومبو,سندويتش,سندويتش,502,35.0,46.0,19.8
039a533b,البيك,مكس جبن,بيتزا وسط,متوسطة,1238,78.8,129.8,44.9
05e62cbc,البيك,سمك مقلي ميني,سندويتش,سندويتش,440,33.2,54.1,10.1
f9c47cf3,البيك,دجاج باربكيو كومبو,بيتزا شريحة,شريحة,282,13.2,41.5,7.0
ead4aa6f,البيك,لاتيه كلاسيك,مشروب,كوب متوسط,164,3.6,35.5,0.8
d433eb8a,البيك,مارغريتا كلاسيك,بيتزا وسط,متوسطة,1214,62.7,143.9,43.0
39561b06,البيك,أوريو دونات كلاسيك,حلى,حصة,509,6.2,78.1,19.1
3e5b6ad2,البيك,راب ترياكي كلاسيك,لفائف/راب,راب,591,36.7,50.3,27.0
c713a9d2,البيك,سلطة سيزر ميني,سلطة,طبق,307,25.6,23.4,12.3
c4f5faea,البيك,راب دجاج ميني,لفائف/راب,راب,627,32.9,48.0,33.7
c5b2d43e,البيك,راب ترياكي كلاسيك,لفائف/راب,راب,529,29.6,57.7,20.0
643ca192,تشيليز,راب حار,لفائف/راب,راب,512,29.0,54.7,19.7
ac5dddb6,تشيليز,خضار حار,بيتزا شريحة,شريحة,307,17.0,40.3,8.6
3bad2658,تشيليز,سوبريم كلاسيك,سندويتش,سندويتش,311,18.4,36.9,10.0
cd9026fc,تشيليز,ساندويش آيسكريم ميني,حلى,حصة,624,7.8,70.1,34.7
7a45c61f,تشيليز,بطاطس شبس كبير,بطاطس,حجم متوسط,283,4.2,35.5,13.8
a6b59daf,تشيليز,أوريو دونات,حلى,حصة,361,3.9,43.5,19.0
75e0d81a,تشيليز,راب حار كومبو,لفائف/راب,راب,485,23.2,47.6,22.4
17accdf8,تشيليز,بطاطس متبلة كبير,بطاطس,حجم متوسط,352,3.5,32.3,23.1
7655ac19,تشيليز,أرز دجاج حار,أرز/وجبة,طبق,788,30.5,109.4,25.4
5695b533,تشيليز,مكس جبن حار,بيتزا وسط,متوسطة,1239,63.9,148.0,43.5
fc72214a,تشيليز,بطاطس متبلة ميني,بطاطس,حجم متوسط,385,5.6,63.8,11.9
2fcd1852,تشيليز,برغر دجاج مشوي,برغر,وجبة/حبة,692,40.8,48.7,37.2
1c88a4bb,تشيليز,سلطة سيزر مشوي,سلطة,طبق,447,16.9,41.3,23.8
500322f2,تشيليز,سلطة دجاج مشوي ميني,سلطة,طبق,292,22.7,14.4,16.0
0b1535b2,تشيليز,بطاطس شبس حار,بطاطس,حجم متوسط,390,3.4,50.7,19.3
0368cbea,تشيليز,راب دجاج,لفائف/راب,راب,607,32.5,56.2,28.0
abdd9d4a,تشيليز,تشيز برغر كبير,برغر,وجبة/حبة,845,22.0,69.7,53.1
84612824,تشيليز,سلطة تونة كبير,سلطة,طبق,351,25.3,32.4,13.3
cac4f933,تشيليز,بطاطس شبس كومبو,بطاطس,حجم متوسط,423,4.2,46.9,24.3
9fe576e8,تشيليز,خضار كومبو,بيتزا شريحة,شريحة,302,14.5,29.0,14.3
472e6166,تشيليز,معكرونة وايت صوص كبير,أرز/وجبة,طبق,611,24.1,78.8,22.1
90ad7568,تشيليز,مارغريتا مشوي,بيتزا وسط,متوسطة,1089,78.9,117.1,33.9
5643db3e,تشيليز,سلطة سيزر كلاسيك,سلطة,طبق,245,19.3,18.7,10.3
aa933cf0,تشيليز,بيبروني,بيتزا شريحة,شريحة,367,19.5,35.5,16.4
9ef623bc,تشيليز,سوبر سوبريم كومبو,بيتزا وسط,متوسطة,1169,77.0,99.0,51.6
1bca198f,تشيليز,بطاطس مقلية كومبو,بطاطس,حجم متوسط,417,4.9,47.4,23.1
ce5ee999,تشيليز,بطاطس مقلية كلاسيك,بطاطس,حجم متوسط,337,4.8,50.4,12.9
708aae62,تشيليز,خضار مشوي,بيتزا شريحة,شريحة,375,14.9,41.4,16.6
6ff97437,فايف غايز,تشيز برغر,برغر,وجبة/حبة,769,41.2,74.7,33.9
7e3367a7,فايف غايز,ستربس 4 قطع مشوي,دجاج مقلي,قطعتان,418,27.3,21.4,24.8
851b40f3,فايف غايز,بطاطس شبس مشوي,بطاطس,حجم متوسط,336,4.2,45.8,15.2
c2908f6e,فايف غايز,لاتيه مشوي,مشروب,كوب متوسط,331,3.4,78.0,0.6
8ab0a1ab,فايف غايز,بيبروني ميني,بيتزا وسط,متوسطة,987,60.1,94.4,41.0
d4316b01,فايف غايز,برغر دبل ميني,برغر,وجبة/حبة,492,21.1,50.0,23.1
dd2db1e1,فايف غايز,معكرونة وايت صوص حار,أرز/وجبة,طبق,616,23.0,68.4,27.9
c3d43c00,فايف غايز,جناحان حار ميني,دجاج مقلي,قطعتان,498,39.8,16.0,30.6
e979cbce,فايف غايز,بطاطس مقلية مشوي,بطاطس,حجم متوسط,366,5.1,40.5,20.3
e5df4be7,فايف غايز,مارغريتا ميني,بيتزا وسط,متوسطة,1349,65.3,138.4,59.4
7cb52b2a,فايف غايز,كبسة سريعة كبير,أرز/وجبة,طبق,783,25.3,118.3,23.1
87b2f52b,فايف غايز,برغر مشروم,برغر,وجبة/حبة,610,34.6,63.3,24.3
f5c65cdb,فايف غايز,قطعتين دجاج حار,دجاج مقلي,قطعتان,400,23.0,10.6,29.6
c42af022,فايف غايز,برغر دجاج كومبو,برغر,وجبة/حبة,640,31.0,53.6,33.5
0649242d,فايف غايز,بطاطس شبس كبير,بطاطس,حجم متوسط,480,6.1,60.5,23.7
178e74bd,فايف غايز,برغر دبل ميني,برغر,وجبة/حبة,726,37.6,60.2,37.2
52b75afb,فايف غايز,جناحان حار ميني,دجاج مقلي,قطعتان,407,26.3,28.2,20.9
1720f3fc,فايف غايز,مكس جبن ميني,بيتزا وسط,متوسطة,1358,65.4,148.1,56.0
d75a8b57,فايف غايز,كبسة سريعة مشوي,أرز/وجبة,طبق,604,23.8,93.5,14.9
e0af3baf,فايف غايز,خضار مشوي,بيتزا شريحة,شريحة,346,17.0,37.2,14.3
4e085dc5,فايف غايز,بطاطس مقلية ميني,بطاطس,حجم متوسط,381,6.7,39.6,21.7
2d441ce4,فايف غايز,كوكيز,حلى,حصة,529,5.7,53.7,32.4
48016553,فايف غايز,راب حار كومبو,لفائف/راب,راب,492,24.4,60.0,17.2
34f0d0e0,فايف غايز,كوكيز ميني,حلى,حصة,383,4.3,42.1,22.0
6ea028d5,فايف غايز,بيبروني كلاسيك,بيتزا شريحة,شريحة,325,11.4,39.7,13.4
fcf4815a,فايف غايز,ساندويش آيسكريم كومبو,حلى,حصة,347,7.5,44.0,15.6
78ab45b7,فايف غايز,مارغريتا ميني,بيتزا وسط,متوسطة,1195,67.3,157.1,33.0
ffd8e8aa,فايف غايز,راب كرسبي كبير,لفائف/راب,راب,671,27.0,65.7,33.4
824719b9,فايف غايز,سلطة سيزر,سلطة,طبق,277,25.1,20.0,10.7
a806a850,فايف غايز,فيليه دجاج حار,سندويتش,سندويتش,492,31.3,59.5,14.3
82976e7b,فايف غايز,مسحب,دجاج مقلي,قطعتان,453,37.6,28.4,21.0
8f2153d9,فايف غايز,معكرونة وايت صوص كلاسيك,أرز/وجبة,طبق,769,23.7,112.3,25.0
adb12a6e,فايف غايز,تشيز برغر مشوي,برغر,وجبة/حبة,780,27.5,76.8,40.3
f66f2c38,فايف غايز,كبسة سريعة,أرز/وجبة,طبق,705,39.8,89.6,20.9
d6397b9d,فايف غايز,بطاطس مقلية كبير,بطاطس,حجم متوسط,264,4.9,33.9,12.1
1f6c2ddd,فايف غايز,معكرونة وايت صوص,أرز/وجبة,طبق,595,33.0,60.8,24.4
e0c95bd9,ستاربكس,عصير برتقال كومبو,مشروب,كوب متوسط,218,3.4,48.9,1.0
1ab326c9,ستاربكس,ستربس 4 قطع حار,دجاج مقلي,قطعتان,390,30.3,23.4,19.5
a7037610,ستاربكس,كبسة سريعة كومبو,أرز/وجبة,طبق,543,26.5,75.6,15.0
aa9132c2,ستاربكس,مارغريتا مشوي,بيتزا شريحة,شريحة,337,19.5,43.1,9.6
16451946,ستاربكس,تشيز كيك مشوي,حلى,حصة,443,4.8,70.1,15.9
ed90c1b6,ستاربكس,راب حار كبير,لفائف/راب,راب,576,26.9,66.3,22.6
fdbdbbda,ستاربكس,سمك مقلي حار,سندويتش,سندويتش,603,31.0,44.7,33.4
8b3942fd,ستاربكس,راب حار كومبو,لفائف/راب,راب,585,28.5,69.6,21.4
7602d601,ستاربكس,بطاطس مقلية,بطاطس,حجم متوسط,449,6.7,58.1,21.1
2f39e5e9,ستاربكس,سلطة تونة ميني,سلطة,طبق,397,23.6,37.6,16.9
8061236f,ستاربكس,سوبر سوبريم ميني,بيتزا وسط,متوسطة,921,38.5,86.2,46.9
e0937772,ستاربكس,بطاطس مقلية كبير,بطاطس,حجم متوسط,335,3.6,48.2,14.2
942eeb7e,ستاربكس,سلطة تونة,سلطة,طبق,396,24.3,41.5,14.8
60054a23,ستاربكس,برغر لحم ميني,برغر,وجبة/حبة,680,31.3,55.6,37.0
bd12ab10,ستاربكس,معكرونة وايت صوص,أرز/وجبة,طبق,525,33.5,61.3,16.2
0190cf21,ستاربكس,تشيز برغر كبير,برغر,وجبة/حبة,657,38.6,37.0,39.4
374e2944,ستاربكس,سوبريم كلاسيك,سندويتش,سندويتش,464,28.5,65.8,9.6
87d2f9f1,ستاربكس,خضار مشوي,بيتزا شريحة,شريحة,370,14.1,44.1,15.2
017aa324,ستاربكس,قطعتين دجاج كبير,دجاج مقلي,قطعتان,488,29.0,17.5,33.6
a7301a51,ستاربكس,ساندويش آيسكريم حار,حلى,حصة,476,7.4,81.6,13.3
7e49be81,ستاربكس,بطاطس مقلية,بطاطس,حجم متوسط,375,4.6,64.3,11.0
f02a92ce,ستاربكس,برغر دبل ميني,برغر,وجبة/حبة,763,44.5,67.4,35.1
2092cbfd,ستاربكس,جناحان حار حار,دجاج مقلي,قطعتان,413,36.5,16.9,22.2
0acf880c,ستاربكس,فيليه دجاج حار,سندويتش,سندويتش,514,15.8,54.6,25.8
789df52e,ستاربكس,سلطة سيزر حار,سلطة,طبق,300,11.3,25.6,16.9
0e8df996,ستاربكس,برغر لحم حار,برغر,وجبة/حبة,539,30.1,44.8,26.7
0d456e61,ستاربكس,بطاطس شبس مشوي,بطاطس,حجم متوسط,391,7.0,62.1,12.7
8c0ad330,ستاربكس,قهوة مثلجة حار,مشروب,كوب متوسط,145,3.0,25.7,3.4
9e4757d2,ستاربكس,أوريو دونات كبير,حلى,حصة,392,5.6,46.5,20.3
477d5cd1,ستاربكس,تشيز كيك,حلى,حصة,575,5.1,88.3,22.4
bf38018b,ستاربكس,بطاطس متبلة حار,بطاطس,حجم متوسط,299,4.3,35.2,15.7
3bbfd911,ستاربكس,بطاطس شبس حار,بطاطس,حجم متوسط,385,4.9,40.5,22.6
dd6ef326,دانكن,برغر دجاج كومبو,برغر,وجبة/حبة,861,34.1,60.1,53.8
157ee8cf,دانكن,سلطة تونة,سلطة,طبق,216,15.1,12.8,11.6
f67aee68,دانكن,مكس جبن كومبو,بيتزا وسط,متوسطة,1018,39.2,99.0,51.7
fda5c2d5,دانكن,أوريو دونات كومبو,حلى,حصة,260,6.0,34.4,11.0
449f0157,دانكن,سلطة سيزر حار,سلطة,طبق,388,27.4,43.5,11.7
f2d2f17f,دانكن,سلطة تونة حار,سلطة,طبق,363,29.2,45.0,7.3
166064a3,دانكن,قهوة مثلجة,مشروب,كوب متوسط,109,3.5,19.1,2.0
d0d118de,دانكن,دجاج باربكيو مشوي,بيتزا شريحة,شريحة,303,13.8,34.0,12.4
8a5d9981,دانكن,بطاطس شبس كومبو,بطاطس,حجم متوسط,407,6.5,58.1,16.5
54d9c606,دانكن,سوبر سوبريم كبير,بيتزا وسط,متوسطة,1160,76.1,121.4,41.1
df68e344,دانكن,راب كرسبي مشوي,لفائف/راب,راب,510,18.4,55.4,23.8
e508d736,دانكن,راب ترياكي كومبو,لفائف/راب,راب,451,22.3,54.9,15.8
a40d36e6,دانكن,بطاطس متبلة كبير,بطاطس,حجم متوسط,358,5.6,39.0,20.0
4b840ce6,دانكن,كوكيز حار,حلى,حصة,516,6.7,74.0,21.5
ede72806,دانكن,راب دجاج ميني,لفائف/راب,راب,604,33.8,67.1,22.2
bf0eee66,دانكن,برغر لحم,برغر,وجبة/حبة,638,41.0,71.8,20.8
680fb56c,دانكن,برغر دجاج كلاسيك,برغر,وجبة/حبة,745,30.3,45.4,49.2
d5e05b3d,دانكن,سلطة تونة كبير,سلطة,طبق,319,20.1,31.6,12.5
5710ef0c,دانكن,أرز دجاج ميني,أرز/وجبة,طبق,606,20.3,84.7,20.6
ec9c9444,دانكن,خضار,بيتزا شريحة,شريحة,297,15.4,37.6,9.4
6d6d0e51,دانكن,راب ترياكي ميني,لفائف/راب,راب,354,20.4,40.2,12.4
8d8cbeef,دانكن,بطاطس مقلية مشوي,بطاطس,حجم متوسط,379,4.0,57.8,14.7
8025995f,دانكن,جناحان حار كبير,دجاج مقلي,قطعتان,412,29.2,23.9,22.1
676d0a49,دانكن,فيليه دجاج كومبو,سندويتش,سندويتش,647,31.3,60.4,31.2
27446f3d,دانكن,ستربس 4 قطع كلاسيك,دجاج مقلي,قطعتان,436,27.5,22.7,26.1
d1ee2e0b,دانكن,أرز دجاج ميني,أرز/وجبة,طبق,673,36.9,79.9,22.9
9f93d2fb,دانكن,برغر مشروم كومبو,برغر,وجبة/حبة,830,25.7,66.2,51.3
6f43d5e1,دانكن,مارغريتا حار,بيتزا شريحة,شريحة,296,10.5,48.1,6.9
1270b02a,دانكن,بيبروني كلاسيك,بيتزا وسط,متوسطة,900,35.7,105.5,36.2
624aff1f,دانكن,خضار كبير,بيتزا شريحة,شريحة,310,11.6,45.9,8.9
a574e318,دانكن,بطاطس شبس كبير,بطاطس,حجم متوسط,347,4.3,34.9,21.1
b1a8f120,دانكن,سوبريم حار,سندويتش,سندويتش,547,27.5,32.1,34.3
10fd365a,دانكن,سوبريم,سندويتش,سندويتش,626,23.5,68.2,28.8
4c904f66,دانكن,بيبروني حار,بيتزا وسط,متوسطة,1206,36.3,179.3,38.2
2ec55712,دانكن,بيبروني كلاسيك,بيتزا وسط,متوسطة,1005,59.9,98.6,41.3
79b786b8,كريسبي كريم,سلطة يونانية كبير,سلطة,طبق,218,24.3,15.4,6.6
5f8f3fb8,كريسبي كريم,جناحان حار كومبو,دجاج مقلي,قطعتان,324,26.3,10.1,19.8
eef2d7c8,كريسبي كريم,بيبروني كومبو,بيتزا وسط,متوسطة,930,69.3,88.7,33.1
898a0b1c,كريسبي كريم,بطاطس متبلة ميني,بطاطس,حجم متوسط,284,5.2,30.9,15.5
7a2661d2,كريسبي كريم,فيليه دجاج مشوي,سندويتش,سندويتش,641,29.9,64.5,29.2
9855ac64,كريسبي كريم,ستربس 4 قطع ميني,دجاج مقلي,قطعتان,398,27.8,28.0,19.4
312b4f34,كريسبي كريم,بطاطس متبلة مشوي,بطاطس,حجم متوسط,290,3.7,34.9,15.1
522af584,كريسبي كريم,معكرونة وايت صوص كومبو,أرز/وجبة,طبق,518,22.9,76.6,13.3
69b63825,كريسبي كريم,سوبريم ميني,سندويتش,سندويتش,633,24.0,58.8,33.5
97117708,كريسبي كريم,لاتيه مشوي,مشروب,كوب متوسط,106,1.0,24.4,0.5
4bf81bed,كريسبي كريم,لاتيه,مشروب,كوب متوسط,187,1.9,35.2,4.3
d579adc3,كريسبي كريم,أوريو دونات كومبو,حلى,حصة,349,7.9,49.2,13.4
aaac28fd,كريسبي كريم,بيبروني ميني,بيتزا وسط,متوسطة,997,43.0,111.9,41.9
f1a37f94,كريسبي كريم,سلطة دجاج مشوي كلاسيك,سلطة,طبق,312,16.5,37.5,10.6
5af49a6a,كريسبي كريم,كابتشينو كلاسيك,مشروب,كوب متوسط,106,1.0,14.4,5.0
be4732d7,كريسبي كريم,أرز دجاج,أرز/وجبة,طبق,715,38.9,107.9,14.2
724b0c9f,كريسبي كريم,جناحان حار كبير,دجاج مقلي,قطعتان,381,33.5,16.1,20.4
ed5bd0d2,كريسبي كريم,راب كرسبي ميني,لفائف/راب,راب,553,33.7,37.6,29.7
590e1a64,كريسبي كريم,مسحب ميني,دجاج مقلي,قطعتان,536,30.7,27.4,33.7
a7baddbc,كريسبي كريم,برغر مشروم ميني,برغر,وجبة/حبة,742,39.8,75.3,31.3
78714a85,كريسبي كريم,كوكيز حار,حلى,حصة,324,7.6,44.9,12.7
85623c02,كريسبي كريم,تشيز كيك,حلى,حصة,516,6.1,68.7,24.1
b39ea8f6,كريسبي كريم,مكس جبن حار,بيتزا وسط,متوسطة,1024,78.5,81.1,42.9
5348cab1,كريسبي كريم,بطاطس مقلية كومبو,بطاطس,حجم متوسط,402,6.0,54.1,17.9
f530d052,كريسبي كريم,سوبر سوبريم مشوي,بيتزا وسط,متوسطة,1244,52.6,138.9,53.2
44d0f15e,كريسبي كريم,برغر لحم كلاسيك,برغر,وجبة/حبة,694,32.1,76.4,28.9
c6c842a0,كريسبي كريم,راب كرسبي مشوي,لفائف/راب,راب,520,25.7,62.4,18.6
655a6f60,كريسبي كريم,أرز دجاج مشوي,أرز/وجبة,طبق,656,22.0,87.1,24.4
b29aef2a,كريسبي كريم,برغر لحم كبير,برغر,وجبة/حبة,654,40.3,73.2,22.3
aa804d88,كريسبي كريم,راب ترياكي مشوي,لفائف/راب,راب,623,38.5,53.1,28.5
6c83ad27,كريسبي كريم,بطاطس شبس حار,بطاطس,حجم متوسط,398,4.7,57.9,16.4
4bce12f9,كريسبي كريم,راب ترياكي كومبو,لفائف/راب,راب,460,32.1,36.0,20.8
7256e456,بارنيز,قطعتين دجاج ميني,دجاج مقلي,قطعتان,337,20.1,15.6,21.7
d2b2d67e,بارنيز,سمك مقلي كومبو,سندويتش,سندويتش,521,35.0,44.6,22.5
4c76ce2b,بارنيز,روست بيف ميني,سندويتش,سندويتش,572,21.6,51.1,31.3
4f772552,بارنيز,مسحب ميني,دجاج مقلي,قطعتان,449,32.2,17.0,28.0
a408c4e7,بارنيز,راب دجاج كبير,لفائف/راب,راب,574,35.9,45.4,27.6
4d50d1bf,بارنيز,راب حار كبير,لفائف/راب,راب,400,24.9,39.1,16.0
c8b21aa2,بارنيز,راب كرسبي كومبو,لفائف/راب,راب,460,29.2,39.8,20.5
d4b87bdc,بارنيز,راب ترياكي ميني,لفائف/راب,راب,594,28.7,67.2,23.4
204153a9,بارنيز,راب كرسبي ميني,لفائف/راب,راب,421,28.8,46.0,13.5
a0ebaacb,بارنيز,برغر دجاج,برغر,وجبة/حبة,873,41.6,56.8,53.2
aead3f5a,بارنيز,مسحب كومبو,دجاج مقلي,قطعتان,476,39.3,19.9,26.6
1da10fcc,بارنيز,معكرونة وايت صوص كلاسيك,أرز/وجبة,طبق,500,29.8,67.6,11.7
bae0c944,بارنيز,خضار ميني,بيتزا شريحة,شريحة,312,12.2,44.5,9.5
a1f08c8d,بارنيز,بطاطس متبلة ميني,بطاطس,حجم متوسط,340,3.5,57.1,10.8
c0dfb91a,بارنيز,برغر دبل كلاسيك,برغر,وجبة/حبة,644,39.0,44.8,34.3
b5c51bce,بارنيز,تشيز كيك مشوي,حلى,حصة,544,6.8,90.0,17.4
eb05b3e2,بارنيز,مارغريتا,بيتزا وسط,متوسطة,1255,73.8,166.5,32.6
5bad3c05,بارنيز,سلطة تونة حار,سلطة,طبق,371,14.2,34.1,19.8
5aec78bd,بارنيز,كولا ميني,مشروب,كوب متوسط,78,0.7,16.6,1.0
9642d2a1,بارنيز,مكس جبن مشوي,بيتزا وسط,متوسطة,1054,59.0,96.8,47.9
2bb5ba4a,بارنيز,كولا حار,مشروب,كوب متوسط,350,1.3,77.3,4.3
b3d16669,بارنيز,ستربس 4 قطع كبير,دجاج مقلي,قطعتان,577,38.4,27.3,34.9
0806333c,بارنيز,راب كرسبي كومبو,لفائف/راب,راب,600,23.5,64.0,27.8
77efe805,بارنيز,راب كرسبي كلاسيك,لفائف/راب,راب,471,30.7,49.5,16.7
be645e92,بارنيز,كوكيز كبير,حلى,حصة,508,7.0,54.2,29.2
ac8a5b44,بارنيز,مارغريتا كبير,بيتزا وسط,متوسطة,1176,55.5,138.2,44.6
52a56047,بارنيز,أرز بخاري حار,أرز/وجبة,طبق,790,32.7,111.0,23.9
a767f546,بارنيز,جناحان حار مشوي,دجاج مقلي,قطعتان,450,36.5,16.5,26.4
5985b10e,بارنيز,بطاطس متبلة كبير,بطاطس,حجم متوسط,372,5.3,47.0,18.1
d8c5cebb,بارنيز,برغر لحم كلاسيك,برغر,وجبة/حبة,746,21.1,72.7,41.2
a91d4aa6,بارنيز,راب ترياكي كبير,لفائف/راب,راب,475,27.7,68.5,10.0
e3065843,بارنيز,راب حار كلاسيك,لفائف/راب,راب,570,37.4,65.6,17.5
0038b184,بارنيز,أوريو دونات كلاسيك,حلى,حصة,407,4.8,69.9,12.1
73722f53,بارنيز,مسحب كبير,دجاج مقلي,قطعتان,504,32.5,25.1,30.3
4351929c,شاورمر,سمك مقلي ميني,سندويتش,سندويتش,389,15.0,35.3,20.9
e844d872,شاورمر,ساندويش آيسكريم,حلى,حصة,315,5.2,50.6,10.2
d5b38d55,شاورمر,قطعتين دجاج كبير,دجاج مقلي,قطعتان,429,33.9,14.6,26.1
e4e450c6,شاورمر,سوبريم,سندويتش,سندويتش,400,17.6,42.0,17.9
2a804079,شاورمر,راب دجاج ميني,لفائف/راب,راب,520,32.1,37.4,26.9
b8a0f58d,شاورمر,أوريو دونات كومبو,حلى,حصة,355,3.8,42.8,18.8
010c8741,شاورمر,كولا حار,مشروب,كوب متوسط,80,3.4,6.9,4.3
36d60ab6,شاورمر,روست بيف,سندويتش,سندويتش,558,29.7,68.5,18.4
b357dc3f,شاورمر,راب حار,لفائف/راب,راب,504,23.5,43.7,26.1
28e4a830,شاورمر,برغر مشروم ميني,برغر,وجبة/حبة,740,41.2,48.6,42.4
746ebf0d,شاورمر,بطاطس مقلية كومبو,بطاطس,حجم متوسط,363,3.8,52.6,15.3
ae6c6367,شاورمر,قطعتين دجاج مشوي,دجاج مقلي,قطعتان,415,22.3,21.9,26.5
379b3d4f,شاورمر,مكس جبن ميني,بيتزا وسط,متوسطة,1214,40.9,136.8,55.8
387ef700,شاورمر,ساندويش آيسكريم كلاسيك,حلى,حصة,568,3.9,89.2,21.8
a2b2a1dd,شاورمر,كولا,مشروب,كوب متوسط,26,0.3,3.2,1.3
19e8e434,شاورمر,مسحب كومبو,دجاج مقلي,قطعتان,459,30.1,20.0,28.7
aed13b5c,شاورمر,جناحان حار كلاسيك,دجاج مقلي,قطعتان,420,21.6,22.3,27.1
43887cec,شاورمر,بيبروني ميني,بيتزا شريحة,شريحة,394,10.8,49.4,17.1
edcf3839,شاورمر,مارغريتا مشوي,بيتزا وسط,متوسطة,1305,52.6,163.5,49.0
bc2c1515,شاورمر,قطعتين دجاج كومبو,دجاج مقلي,قطعتان,475,34.6,11.2,32.4
636c1b5c,شاورمر,سمك مقلي كلاسيك,سندويتش,سندويتش,495,26.3,42.4,24.4
e1515088,شاورمر,تشيز برغر ميني,برغر,وجبة/حبة,716,37.7,42.4,44.0
be398519,شاورمر,بطاطس مقلية كبير,بطاطس,حجم متوسط,353,6.1,35.8,20.5
01593eb4,شاورمر,دجاج باربكيو,بيتزا شريحة,شريحة,326,17.3,47.5,7.4
2a9d11ed,شاورمر,قطعتين دجاج كومبو,دجاج مقلي,قطعتان,371,25.4,24.2,19.1
39f18800,شاورمر,كبسة سريعة مشوي,أرز/وجبة,طبق,667,30.2,111.6,11.1
d5fc98e9,شاورمر,راب دجاج حار,لفائف/راب,راب,428,23.6,55.1,12.6
6d91ae71,شاورمر,بطاطس مقلية كومبو,بطاطس,حجم متوسط,338,3.0,30.4,22.7
2416c4f7,شاورمر,مارغريتا ميني,بيتزا وسط,متوسطة,1212,52.2,173.1,34.5
2927a3d9,ناندوز,سلطة دجاج مشوي,سلطة,طبق,327,16.4,35.2,13.3
bb25b19a,ناندوز,فيليه دجاج حار,سندويتش,سندويتش,446,29.3,56.9,11.2
c95641e6,ناندوز,سلطة تونة,سلطة,طبق,450,26.1,39.2,24.6
2fe255c9,ناندوز,خضار كلاسيك,بيتزا شريحة,شريحة,267,17.7,27.2,9.7
b1fa9e1c,ناندوز,سوبر سوبريم كومبو,بيتزا وسط,متوسطة,1040,44.0,110.4,46.9
ab01569e,ناندوز,سوبر سوبريم كبير,بيتزا وسط,متوسطة,1279,61.6,157.3,44.8
5b8cc337,ناندوز,بطاطس متبلة كلاسيك,بطاطس,حجم متوسط,261,6.0,30.2,12.9
b6a4bfcf,ناندوز,سلطة سيزر مشوي,سلطة,طبق,380,20.8,34.3,17.7
844b4576,ناندوز,تشيز برغر كلاسيك,برغر,وجبة/حبة,716,39.0,68.2,31.9
c76b1dd6,ناندوز,سلطة سيزر حار,سلطة,طبق,279,20.6,27.2,9.8
2aea8f52,ناندوز,خضار كبير,بيتزا شريحة,شريحة,387,10.9,47.4,17.1
82f9fdaa,ناندوز,سوبر سوبريم كبير,بيتزا وسط,متوسطة,1247,55.6,138.1,52.4
5f2c79d3,ناندوز,ستربس 4 قطع حار,دجاج مقلي,قطعتان,410,21.5,18.7,27.7
98d16300,ناندوز,دجاج باربكيو مشوي,بيتزا شريحة,شريحة,319,12.6,45.0,9.8
8785871f,ناندوز,أرز دجاج حار,أرز/وجبة,طبق,500,25.4,73.4,11.5
57f0835f,ناندوز,تركي مشوي,سندويتش,سندويتش,447,19.1,46.3,20.6
4fff1a0f,ناندوز,سلطة سيزر حار,سلطة,طبق,364,19.0,39.8,14.3
212fdc58,ناندوز,أوريو دونات,حلى,حصة,531,4.5,66.2,27.6
0b89e87c,ناندوز,بيبروني ميني,بيتزا وسط,متوسطة,1336,41.7,176.8,51.3
9b0a1bdb,ناندوز,برغر لحم كومبو,برغر,وجبة/حبة,715,36.9,79.6,27.6
9fcb7e32,ناندوز,أرز دجاج,أرز/وجبة,طبق,576,31.1,65.7,21.0
1573a002,ناندوز,راب ترياكي حار,لفائف/راب,راب,436,20.7,62.3,11.5
05e44df3,ناندوز,سلطة سيزر ميني,سلطة,طبق,346,26.5,32.1,12.4
966398c1,ناندوز,كولا حار,مشروب,كوب متوسط,49,1.3,1.7,4.1
30ed3e19,ناندوز,كوكيز كلاسيك,حلى,حصة,477,5.2,84.3,13.2
0581f71c,ناندوز,برغر دبل,برغر,وجبة/حبة,659,43.6,76.6,19.9
42e8b714,ناندوز,جناحان حار حار,دجاج مقلي,قطعتان,414,29.9,18.5,24.5
5dbc1b91,ناندوز,راب ترياكي كبير,لفائف/راب,راب,447,24.0,40.2,21.2
d14dc62c,ناندوز,مارغريتا مشوي,بيتزا شريحة,شريحة,357,15.0,37.0,16.6
309a3047,ناندوز,ستربس 4 قطع كبير,دجاج مقلي,قطعتان,394,22.7,27.7,21.4
7d1d883a,ناندوز,بطاطس متبلة كومبو,بطاطس,حجم متوسط,478,6.2,57.4,24.8
f651c1ea,ناندوز,بطاطس متبلة كومبو,بطاطس,حجم متوسط,354,6.1,49.8,14.5
29c085f8,ناندوز,دجاج باربكيو كلاسيك,بيتزا شريحة,شريحة,258,11.8,30.5,9.8
8abcbcbd,ناندوز,كبسة سريعة كلاسيك,أرز/وجبة,طبق,830,30.6,120.0,25.3
f550fb3e,بازوكا,ساندويش آيسكريم,حلى,حصة,537,4.2,77.5,23.3
d240b159,بازوكا,سلطة يونانية حار,سلطة,طبق,402,21.5,23.6,24.7
879e7196,بازوكا,سلطة سيزر كبير,سلطة,طبق,415,21.9,34.4,21.1
312808c5,بازوكا,سوبر سوبريم,بيتزا وسط,متوسطة,1278,77.6,136.3,46.9
a949dd1f,بازوكا,كبسة سريعة كلاسيك,أرز/وجبة,طبق,500,30.8,63.1,13.5
b91a3243,بازوكا,بطاطس مقلية مشوي,بطاطس,حجم متوسط,354,4.9,51.5,14.3
44ae0f13,بازوكا,راب دجاج حار,لفائف/راب,راب,618,38.2,46.3,31.1
668085d8,بازوكا,كابتشينو,مشروب,كوب متوسط,56,3.5,8.9,0.7
d356ca61,بازوكا,بيبروني ميني,بيتزا وسط,متوسطة,1381,78.2,174.2,41.2
9e51d08a,بازوكا,سوبريم,سندويتش,سندويتش,520,23.4,69.0,16.7
e606ada0,بازوكا,كوكيز حار,حلى,حصة,429,7.8,40.5,26.2
1a9ad20f,بازوكا,كوكيز حار,حلى,حصة,347,5.9,48.4,14.4
05d958e2,بازوكا,راب كرسبي,لفائف/راب,راب,712,34.0,68.2,33.7
96382110,بازوكا,كابتشينو حار,مشروب,كوب متوسط,322,0.2,73.7,3.0
b4b6295a,بازوكا,ساندويش آيسكريم حار,حلى,حصة,478,5.8,38.4,33.4
9f5a1894,بازوكا,مارغريتا,بيتزا وسط,متوسطة,1306,79.2,168.5,35.0
11b13186,بازوكا,كوكيز حار,حلى,حصة,541,6.2,56.8,32.2
c86b2f9a,بازوكا,سلطة سيزر كلاسيك,سلطة,طبق,354,23.9,37.5,12.0
6dbfea5f,بازوكا,مسحب كومبو,دجاج مقلي,قطعتان,395,28.8,13.3,25.1
ed2c195e,بازوكا,ستربس 4 قطع حار,دجاج مقلي,قطعتان,434,27.0,26.6,24.4
aae1cc96,بازوكا,معكرونة وايت صوص مشوي,أرز/وجبة,طبق,639,21.5,77.7,26.9
92b2e7d7,بازوكا,فيليه دجاج ميني,سندويتش,سندويتش,361,16.9,45.0,12.6
331a8966,بازوكا,فيليه دجاج كومبو,سندويتش,سندويتش,668,23.4,65.7,34.6
3f63ef11,بازوكا,ساندويش آيسكريم مشوي,حلى,حصة,463,3.8,39.4,32.2
b316369b,بازوكا,سلطة دجاج مشوي كبير,سلطة,طبق,354,29.5,29.4,13.2
9ab0206d,بازوكا,خضار حار,بيتزا شريحة,شريحة,256,13.0,34.8,7.2
df129c7e,بازوكا,برغر مشروم كومبو,برغر,وجبة/حبة,613,29.0,48.3,33.8
08a72f0c,بازوكا,سلطة سيزر كومبو,سلطة,طبق,259,11.9,32.3,9.1
e9e40e21,بازوكا,روست بيف كلاسيك,سندويتش,سندويتش,458,22.7,49.6,18.7
8d251a98,بازوكا,كوكيز حار,حلى,حصة,487,5.7,83.1,14.6
3ea7133f,بازوكا,معكرونة وايت صوص ميني,أرز/وجبة,طبق,556,20.9,75.8,18.8
